{"index": 0, "generation": 796, "fitness": 13.402252704379821, "Du": 0.0004999999999999999, "Dv": 0.07500000000000001, "ru": 0.17999999999999997, "rv": 0.028739212264220937, "k": 0.20000000000000004, "su": 0.000988501230942806, "sv": 0.025000000000000005, "mu": 0.07999999999999999, "width": 128, "height": 128, "dx": 0.1, "thr_color": 0.5, "color_u": [5, 5, 5], "color_v": [231, 79, 3], "initializer": "LiawInitializer", "u0": 2.0, "v0": 1.0, "n_init_pts": 25, "init_pts_0": [40, 68], "init_pts_1": [39, 30], "init_pts_2": [40, 50], "init_pts_3": [40, 70], "init_pts_4": [40, 90], "init_pts_5": [50, 11], "init_pts_6": [44, 40], "init_pts_7": [50, 44], "init_pts_8": [49, 116], "init_pts_9": [50, 87], "init_pts_10": [59, 10], "init_pts_11": [60, 34], "init_pts_12": [61, 50], "init_pts_13": [60, 36], "init_pts_14": [61, 45], "init_pts_15": [7, 10], "init_pts_16": [70, 8], "init_pts_17": [97, 46], "init_pts_18": [39, 70], "init_pts_19": [70, 90], "init_pts_20": [0, 0], "init_pts_21": [0, 0], "init_pts_22": [0, 0], "init_pts_23": [0, 0], "init_pts_24": [0, 0], "solver": "Euler", "dt": 0.01, "n_iters": 500000, "rtol": null}