{"index": 0, "generation": 845, "fitness": 12.592279906477392, "Du": 0.0004999999999999999, "Dv": 0.07500000000000001, "ru": 0.17999999999999997, "rv": 0.029426723090526057, "k": 0.20000000000000004, "su": 0.0009665264139412075, "sv": 0.025000000000000005, "mu": 0.07999999999999999, "width": 128, "height": 128, "dx": 0.1, "thr_color": 0.5, "color_u": [5, 5, 5], "color_v": [231, 79, 3], "initializer": "LiawInitializer", "u0": 2.0, "v0": 1.0, "n_init_pts": 25, "init_pts_0": [40, 4], "init_pts_1": [43, 58], "init_pts_2": [40, 50], "init_pts_3": [29, 70], "init_pts_4": [40, 90], "init_pts_5": [50, 3], "init_pts_6": [10, 23], "init_pts_7": [50, 47], "init_pts_8": [48, 7], "init_pts_9": [50, 86], "init_pts_10": [55, 10], "init_pts_11": [112, 36], "init_pts_12": [45, 50], "init_pts_13": [60, 96], "init_pts_14": [56, 90], "init_pts_15": [55, 10], "init_pts_16": [70, 12], "init_pts_17": [85, 47], "init_pts_18": [80, 70], "init_pts_19": [70, 89], "init_pts_20": [0, 0], "init_pts_21": [0, 0], "init_pts_22": [0, 0], "init_pts_23": [0, 0], "init_pts_24": [0, 0], "solver": "Euler", "dt": 0.01, "n_iters": 500000, "rtol": null}