{"index": 0, "generation": 801, "fitness": 13.351838020885088, "Du": 0.0004999999999999999, "Dv": 0.07500000000000001, "ru": 0.17999999999999997, "rv": 0.028343566675050502, "k": 0.20000000000000004, "su": 0.0009361069933466632, "sv": 0.025000000000000005, "mu": 0.07999999999999999, "width": 128, "height": 128, "dx": 0.1, "thr_color": 0.5, "color_u": [5, 5, 5], "color_v": [231, 79, 3], "initializer": "LiawInitializer", "u0": 2.0, "v0": 1.0, "n_init_pts": 25, "init_pts_0": [40, 15], "init_pts_1": [44, 56], "init_pts_2": [29, 50], "init_pts_3": [10, 71], "init_pts_4": [40, 90], "init_pts_5": [50, 1], "init_pts_6": [21, 25], "init_pts_7": [50, 52], "init_pts_8": [52, 100], "init_pts_9": [52, 89], "init_pts_10": [60, 10], "init_pts_11": [57, 33], "init_pts_12": [56, 50], "init_pts_13": [60, 69], "init_pts_14": [58, 114], "init_pts_15": [68, 10], "init_pts_16": [43, 33], "init_pts_17": [74, 46], "init_pts_18": [103, 70], "init_pts_19": [70, 91], "init_pts_20": [0, 0], "init_pts_21": [0, 0], "init_pts_22": [0, 0], "init_pts_23": [0, 0], "init_pts_24": [0, 0], "solver": "Euler", "dt": 0.01, "n_iters": 500000, "rtol": null}