{"index": 0, "generation": 816, "fitness": 13.230804289661624, "Du": 0.0004999999999999999, "Dv": 0.07500000000000001, "ru": 0.17999999999999997, "rv": 0.028739212264220937, "k": 0.20000000000000004, "su": 0.0008429148934336793, "sv": 0.025000000000000005, "mu": 0.07999999999999999, "width": 128, "height": 128, "dx": 0.1, "thr_color": 0.5, "color_u": [5, 5, 5], "color_v": [231, 79, 3], "initializer": "LiawInitializer", "u0": 2.0, "v0": 1.0, "n_init_pts": 25, "init_pts_0": [40, 60], "init_pts_1": [46, 57], "init_pts_2": [10, 50], "init_pts_3": [55, 72], "init_pts_4": [40, 90], "init_pts_5": [50, 11], "init_pts_6": [50, 30], "init_pts_7": [50, 53], "init_pts_8": [48, 70], "init_pts_9": [50, 97], "init_pts_10": [54, 10], "init_pts_11": [38, 31], "init_pts_12": [63, 50], "init_pts_13": [60, 70], "init_pts_14": [60, 72], "init_pts_15": [83, 10], "init_pts_16": [70, 49], "init_pts_17": [80, 47], "init_pts_18": [29, 70], "init_pts_19": [70, 97], "init_pts_20": [0, 0], "init_pts_21": [0, 0], "init_pts_22": [0, 0], "init_pts_23": [0, 0], "init_pts_24": [0, 0], "solver": "Euler", "dt": 0.01, "n_iters": 500000, "rtol": null}