{"fitness": 13.86873139368519, "u0": 3.174294729550479, "v0": 1.759742734398522, "Du": 0.0005771357998480818, "Dv": 0.07500000000000001, "ru": 0.18327845637245727, "rv": 0.08099695756142364, "k": 0.18696035827405474, "su": 0.000543252934681898, "sv": 0.02424744912568412, "mu": 0.07999999999999999, "init_pts_0": ["6", "71"], "init_pts_1": ["1", "45"], "init_pts_2": ["37", "35"], "init_pts_3": ["92", "52"], "init_pts_4": ["77", "41"], "init_pts_5": ["106", "73"], "init_pts_6": ["52", "19"], "init_pts_7": ["90", "38"], "init_pts_8": ["87", "40"], "init_pts_9": ["99", "53"], "init_pts_10": ["50", "67"], "init_pts_11": ["30", "16"], "init_pts_12": ["36", "49"], "init_pts_13": ["59", "94"], "init_pts_14": ["49", "83"], "init_pts_15": ["71", "65"], "init_pts_16": ["58", "33"], "init_pts_17": ["71", "50"], "init_pts_18": ["85", "108"], "init_pts_19": ["90", "61"], "init_pts_20": ["0", "0"], "init_pts_21": ["0", "0"], "init_pts_22": ["0", "0"], "init_pts_23": ["0", "0"], "init_pts_24": ["0", "0"], "width": 128, "height": 128, "dt": 0.01, "dx": 0.1, "n_iters": 500000, "thr": 0.5, "initializer": "NoneType"}