{"fitness": 21.730533621930828, "u0": 2.170642784904598, "v0": 6.498332382341433, "Du": 0.00013681093349332586, "Dv": 0.029792279042650575, "ru": 0.463107012974722, "rv": 0.5515906940188909, "k": 0.031978520710055997, "su": 0.0010436620880174153, "sv": 0.13526704397310116, "mu": 0.09323573346197093, "init_pts_0": ["54", "12"], "init_pts_1": ["89", "9"], "init_pts_2": ["109", "77"], "init_pts_3": ["76", "30"], "init_pts_4": ["37", "88"], "init_pts_5": ["80", "71"], "init_pts_6": ["126", "41"], "init_pts_7": ["95", "36"], "init_pts_8": ["61", "40"], "init_pts_9": ["66", "67"], "init_pts_10": ["3", "79"], "init_pts_11": ["78", "76"], "init_pts_12": ["53", "38"], "init_pts_13": ["78", "22"], "init_pts_14": ["42", "47"], "init_pts_15": ["54", "118"], "init_pts_16": ["10", "92"], "init_pts_17": ["110", "47"], "init_pts_18": ["20", "85"], "init_pts_19": ["80", "94"], "init_pts_20": ["0", "0"], "init_pts_21": ["0", "0"], "init_pts_22": ["0", "0"], "init_pts_23": ["0", "0"], "init_pts_24": ["0", "0"], "width": 128, "height": 128, "dt": 0.01, "dx": 0.1, "n_iters": 500000, "thr": 0.5, "initializer": "NoneType"}