{"fitness": 13.848967962649246, "u0": 2.0807443009948168, "v0": 17.886537885115306, "Du": 0.0008102633201588647, "Dv": 0.22816861395051424, "ru": 0.3098571081716491, "rv": 0.12118221378667499, "k": 0.2184469441952699, "su": 0.0009313261691887907, "sv": 0.026216938765922414, "mu": 0.094989505530621, "init_pts_0": ["44", "77"], "init_pts_1": ["93", "99"], "init_pts_2": ["47", "41"], "init_pts_3": ["112", "65"], "init_pts_4": ["80", "89"], "init_pts_5": ["47", "11"], "init_pts_6": ["41", "109"], "init_pts_7": ["88", "112"], "init_pts_8": ["55", "73"], "init_pts_9": ["21", "55"], "init_pts_10": ["3", "54"], "init_pts_11": ["73", "54"], "init_pts_12": ["41", "45"], "init_pts_13": ["74", "37"], "init_pts_14": ["39", "117"], "init_pts_15": ["67", "118"], "init_pts_16": ["36", "107"], "init_pts_17": ["66", "49"], "init_pts_18": ["81", "88"], "init_pts_19": ["80", "87"], "init_pts_20": ["0", "0"], "init_pts_21": ["0", "0"], "init_pts_22": ["0", "0"], "init_pts_23": ["0", "0"], "init_pts_24": ["0", "0"], "width": 128, "height": 128, "dt": 0.01, "dx": 0.1, "n_iters": 500000, "thr": 0.5, "initializer": "NoneType"}