{"fitness": 13.436563425685275, "u0": 28.6047245772063, "v0": 4.279110709571151, "Du": 0.0005454066569708834, "Dv": 0.1377360349215258, "ru": 0.12762506390524098, "rv": 0.023426224727495882, "k": 0.11774801849391003, "su": 0.00022766701667723804, "sv": 0.00917681156913081, "mu": 0.08098759264717839, "init_pts_0": ["44", "5"], "init_pts_1": ["55", "64"], "init_pts_2": ["25", "91"], "init_pts_3": ["87", "13"], "init_pts_4": ["58", "95"], "init_pts_5": ["59", "44"], "init_pts_6": ["102", "112"], "init_pts_7": ["62", "49"], "init_pts_8": ["53", "51"], "init_pts_9": ["14", "34"], "init_pts_10": ["76", "106"], "init_pts_11": ["28", "5"], "init_pts_12": ["66", "70"], "init_pts_13": ["54", "118"], "init_pts_14": ["76", "4"], "init_pts_15": ["75", "33"], "init_pts_16": ["74", "98"], "init_pts_17": ["63", "51"], "init_pts_18": ["63", "99"], "init_pts_19": ["75", "89"], "init_pts_20": ["0", "0"], "init_pts_21": ["0", "0"], "init_pts_22": ["0", "0"], "init_pts_23": ["0", "0"], "init_pts_24": ["0", "0"], "width": 128, "height": 128, "dt": 0.01, "dx": 0.1, "n_iters": 500000, "thr": 0.5, "initializer": "NoneType"}