{"fitness": 13.85094516850046, "u0": 1.6025254576032377, "v0": 1.1856661133628388, "Du": 0.003139426147841212, "Dv": 0.06489487667649646, "ru": 0.1853190926399587, "rv": 0.18357428604295567, "k": 0.3497397425860356, "su": 0.002041535742865227, "sv": 0.021119665586251623, "mu": 0.0639562896062944, "init_pts_0": ["30", "78"], "init_pts_1": ["48", "62"], "init_pts_2": ["43", "48"], "init_pts_3": ["43", "34"], "init_pts_4": ["82", "76"], "init_pts_5": ["91", "51"], "init_pts_6": ["105", "121"], "init_pts_7": ["39", "63"], "init_pts_8": ["48", "75"], "init_pts_9": ["62", "31"], "init_pts_10": ["11", "46"], "init_pts_11": ["68", "31"], "init_pts_12": ["49", "56"], "init_pts_13": ["46", "55"], "init_pts_14": ["36", "0"], "init_pts_15": ["68", "73"], "init_pts_16": ["70", "42"], "init_pts_17": ["69", "42"], "init_pts_18": ["95", "85"], "init_pts_19": ["67", "30"], "init_pts_20": ["0", "0"], "init_pts_21": ["0", "0"], "init_pts_22": ["0", "0"], "init_pts_23": ["0", "0"], "init_pts_24": ["0", "0"], "width": 128, "height": 128, "dt": 0.01, "dx": 0.1, "n_iters": 500000, "thr": 0.5, "initializer": "NoneType"}