{"fitness": 26.634584652149538, "u0": 2.0, "v0": 1.0, "Du": 0.0004999999999999999, "Dv": 0.07500000000000001, "ru": 0.17999999999999997, "rv": 0.08099695756142364, "k": 0.20000000000000004, "su": 0.0005815195922556501, "sv": 0.01942970238798167, "mu": 0.032862257625471035, "init_pts_0": ["55", "10"], "init_pts_1": ["60", "100"], "init_pts_2": ["76", "57"], "init_pts_3": ["52", "31"], "init_pts_4": ["87", "95"], "init_pts_5": ["107", "26"], "init_pts_6": ["43", "115"], "init_pts_7": ["73", "50"], "init_pts_8": ["50", "62"], "init_pts_9": ["50", "90"], "init_pts_10": ["66", "59"], "init_pts_11": ["86", "32"], "init_pts_12": ["60", "52"], "init_pts_13": ["60", "70"], "init_pts_14": ["95", "61"], "init_pts_15": ["57", "10"], "init_pts_16": ["70", "67"], "init_pts_17": ["65", "31"], "init_pts_18": ["86", "100"], "init_pts_19": ["70", "74"], "init_pts_20": ["0", "0"], "init_pts_21": ["0", "0"], "init_pts_22": ["0", "0"], "init_pts_23": ["0", "0"], "init_pts_24": ["0", "0"], "width": 128, "height": 128, "dt": 0.01, "dx": 0.1, "n_iters": 500000, "thr": 0.5, "initializer": "NoneType"}