{"fitness": 15.004525564535651, "u0": 2.0, "v0": 1.0, "Du": 0.0003636668314255346, "Dv": 0.11025165629454567, "ru": 0.3226029145276948, "rv": 0.08642334168558838, "k": 0.15644527451498422, "su": 0.0010311060240868679, "sv": 0.025000000000000005, "mu": 0.07999999999999999, "init_pts_0": ["40", "30"], "init_pts_1": ["40", "30"], "init_pts_2": ["64", "41"], "init_pts_3": ["34", "70"], "init_pts_4": ["40", "90"], "init_pts_5": ["50", "5"], "init_pts_6": ["59", "115"], "init_pts_7": ["62", "50"], "init_pts_8": ["50", "69"], "init_pts_9": ["2", "25"], "init_pts_10": ["51", "10"], "init_pts_11": ["60", "121"], "init_pts_12": ["60", "50"], "init_pts_13": ["81", "70"], "init_pts_14": ["61", "93"], "init_pts_15": ["70", "10"], "init_pts_16": ["70", "111"], "init_pts_17": ["70", "48"], "init_pts_18": ["70", "70"], "init_pts_19": ["70", "90"], "init_pts_20": ["0", "0"], "init_pts_21": ["0", "0"], "init_pts_22": ["0", "0"], "init_pts_23": ["0", "0"], "init_pts_24": ["0", "0"], "width": 128, "height": 128, "dt": 0.01, "dx": 0.1, "n_iters": 500000, "thr": 0.5, "initializer": "NoneType"}