{"fitness": 16.44346700025166, "u0": 28.6047245772063, "v0": 4.279110709571151, "Du": 0.0005454066569708834, "Dv": 0.1377360349215258, "ru": 0.44120322653733457, "rv": 0.04550180582389681, "k": 0.22494457413958127, "su": 0.00022766701667723804, "sv": 0.00917681156913081, "mu": 0.08098759264717839, "init_pts_0": ["44", "68"], "init_pts_1": ["9", "22"], "init_pts_2": ["6", "0"], "init_pts_3": ["10", "75"], "init_pts_4": ["32", "95"], "init_pts_5": ["116", "65"], "init_pts_6": ["117", "64"], "init_pts_7": ["102", "38"], "init_pts_8": ["62", "33"], "init_pts_9": ["59", "82"], "init_pts_10": ["62", "62"], "init_pts_11": ["95", "0"], "init_pts_12": ["25", "68"], "init_pts_13": ["46", "78"], "init_pts_14": ["51", "125"], "init_pts_15": ["79", "101"], "init_pts_16": ["59", "112"], "init_pts_17": ["81", "36"], "init_pts_18": ["103", "74"], "init_pts_19": ["74", "88"], "init_pts_20": ["0", "0"], "init_pts_21": ["0", "0"], "init_pts_22": ["0", "0"], "init_pts_23": ["0", "0"], "init_pts_24": ["0", "0"], "width": 128, "height": 128, "dt": 0.01, "dx": 0.1, "n_iters": 500000, "thr": 0.5, "initializer": "NoneType"}