{"fitness": 22.00394908914012, "u0": 1.2884297208075681, "v0": 7.2117498159673366, "Du": 0.0012686906931834512, "Dv": 0.00138353880212236, "ru": 0.1042687945433566, "rv": 0.022358089619389267, "k": 0.0014920809012524561, "su": 0.0009657070667036034, "sv": 0.02056121632105912, "mu": 0.07254448406038508, "init_pts_0": ["70", "59"], "init_pts_1": ["84", "24"], "init_pts_2": ["40", "97"], "init_pts_3": ["0", "96"], "init_pts_4": ["93", "103"], "init_pts_5": ["42", "18"], "init_pts_6": ["49", "16"], "init_pts_7": ["97", "98"], "init_pts_8": ["72", "99"], "init_pts_9": ["8", "104"], "init_pts_10": ["55", "90"], "init_pts_11": ["56", "13"], "init_pts_12": ["49", "45"], "init_pts_13": ["126", "18"], "init_pts_14": ["67", "92"], "init_pts_15": ["37", "33"], "init_pts_16": ["77", "101"], "init_pts_17": ["69", "33"], "init_pts_18": ["73", "93"], "init_pts_19": ["79", "89"], "init_pts_20": ["0", "0"], "init_pts_21": ["0", "0"], "init_pts_22": ["0", "0"], "init_pts_23": ["0", "0"], "init_pts_24": ["0", "0"], "width": 128, "height": 128, "dt": 0.01, "dx": 0.1, "n_iters": 500000, "thr": 0.5, "initializer": "NoneType"}