{"fitness": 16.557017551710803, "u0": 2.0, "v0": 17.886537885115306, "Du": 0.0004999999999999999, "Dv": 0.07500000000000001, "ru": 0.3098571081716491, "rv": 0.038208128289455474, "k": 0.0016372207748425816, "su": 0.0011851220074299482, "sv": 0.026216938765922414, "mu": 0.094989505530621, "init_pts_0": ["44", "125"], "init_pts_1": ["45", "38"], "init_pts_2": ["29", "46"], "init_pts_3": ["60", "54"], "init_pts_4": ["65", "89"], "init_pts_5": ["47", "11"], "init_pts_6": ["50", "113"], "init_pts_7": ["88", "42"], "init_pts_8": ["55", "73"], "init_pts_9": ["21", "116"], "init_pts_10": ["0", "106"], "init_pts_11": ["73", "54"], "init_pts_12": ["41", "45"], "init_pts_13": ["74", "37"], "init_pts_14": ["39", "117"], "init_pts_15": ["67", "118"], "init_pts_16": ["36", "107"], "init_pts_17": ["66", "49"], "init_pts_18": ["126", "99"], "init_pts_19": ["80", "87"], "init_pts_20": ["0", "0"], "init_pts_21": ["0", "0"], "init_pts_22": ["0", "0"], "init_pts_23": ["0", "0"], "init_pts_24": ["0", "0"], "width": 128, "height": 128, "dt": 0.01, "dx": 0.1, "n_iters": 500000, "thr": 0.5, "initializer": "NoneType"}