{"fitness": 13.483484201809507, "u0": 4.780383949273336, "v0": 1.4860137613051159, "Du": 0.0003658718244600772, "Dv": 0.014498083891504976, "ru": 0.035345386748470556, "rv": 0.030655106668348406, "k": 0.0018128709216345986, "su": 0.00011169328766224021, "sv": 0.00407378682832599, "mu": 0.009321600991407606, "init_pts_0": ["16", "59"], "init_pts_1": ["13", "83"], "init_pts_2": ["2", "44"], "init_pts_3": ["102", "49"], "init_pts_4": ["83", "60"], "init_pts_5": ["100", "55"], "init_pts_6": ["80", "124"], "init_pts_7": ["38", "103"], "init_pts_8": ["1", "48"], "init_pts_9": ["30", "37"], "init_pts_10": ["1", "57"], "init_pts_11": ["69", "47"], "init_pts_12": ["17", "56"], "init_pts_13": ["71", "21"], "init_pts_14": ["17", "70"], "init_pts_15": ["73", "12"], "init_pts_16": ["123", "70"], "init_pts_17": ["62", "52"], "init_pts_18": ["55", "30"], "init_pts_19": ["42", "67"], "init_pts_20": ["0", "0"], "init_pts_21": ["0", "0"], "init_pts_22": ["0", "0"], "init_pts_23": ["0", "0"], "init_pts_24": ["0", "0"], "width": 128, "height": 128, "dt": 0.01, "dx": 0.1, "n_iters": 500000, "thr": 0.5, "initializer": "NoneType"}