{"fitness": 218.78018303655358, "u0": 3.3353851857362704, "v0": 3.729528032462897, "Du": 0.04338932162907375, "Dv": 0.05276768641375893, "ru": 0.1931965668633914, "rv": 0.591232471638966, "k": 0.6001027440073231, "su": 0.018063928379954176, "sv": 0.014756684426200976, "mu": 0.04644412478840885, "init_pts_0": ["48", "97"], "init_pts_1": ["42", "115"], "init_pts_2": ["60", "48"], "init_pts_3": ["43", "34"], "init_pts_4": ["82", "76"], "init_pts_5": ["91", "51"], "init_pts_6": ["105", "121"], "init_pts_7": ["39", "84"], "init_pts_8": ["48", "61"], "init_pts_9": ["62", "31"], "init_pts_10": ["64", "74"], "init_pts_11": ["51", "62"], "init_pts_12": ["40", "56"], "init_pts_13": ["46", "55"], "init_pts_14": ["36", "0"], "init_pts_15": ["110", "6"], "init_pts_16": ["70", "42"], "init_pts_17": ["69", "66"], "init_pts_18": ["95", "35"], "init_pts_19": ["57", "33"], "init_pts_20": ["0", "0"], "init_pts_21": ["0", "0"], "init_pts_22": ["0", "0"], "init_pts_23": ["0", "0"], "init_pts_24": ["0", "0"], "width": 128, "height": 128, "dt": 0.01, "dx": 0.1, "n_iters": 500000, "thr": 0.5, "initializer": "NoneType"}