{"fitness": 30.31658786159264, "u0": 1.6244026023058495, "v0": 8.154467575286741, "Du": 0.0002616550524691761, "Dv": 0.00807752097930029, "ru": 0.055596063542497194, "rv": 0.011463923196693999, "k": 0.07441450274588608, "su": 0.000436767319280464, "sv": 0.011472380625359397, "mu": 0.03265352291631535, "init_pts_0": ["8", "115"], "init_pts_1": ["75", "7"], "init_pts_2": ["49", "63"], "init_pts_3": ["3", "76"], "init_pts_4": ["40", "90"], "init_pts_5": ["38", "5"], "init_pts_6": ["50", "115"], "init_pts_7": ["62", "43"], "init_pts_8": ["46", "70"], "init_pts_9": ["49", "101"], "init_pts_10": ["12", "10"], "init_pts_11": ["60", "30"], "init_pts_12": ["30", "11"], "init_pts_13": ["116", "123"], "init_pts_14": ["60", "90"], "init_pts_15": ["57", "10"], "init_pts_16": ["70", "111"], "init_pts_17": ["84", "8"], "init_pts_18": ["75", "52"], "init_pts_19": ["94", "107"], "init_pts_20": ["0", "0"], "init_pts_21": ["0", "0"], "init_pts_22": ["0", "0"], "init_pts_23": ["0", "0"], "init_pts_24": ["0", "0"], "width": 128, "height": 128, "dt": 0.01, "dx": 0.1, "n_iters": 500000, "thr": 0.5, "initializer": "NoneType"}