{"fitness": 13.656295199026706, "u0": 2.0, "v0": 1.0, "Du": 0.0004999999999999999, "Dv": 0.07500000000000001, "ru": 0.17999999999999997, "rv": 0.08099695756142364, "k": 0.15436927894976962, "su": 0.0011055848436996411, "sv": 0.02223071668950955, "mu": 0.07999999999999999, "init_pts_0": ["40", "10"], "init_pts_1": ["40", "30"], "init_pts_2": ["40", "50"], "init_pts_3": ["40", "70"], "init_pts_4": ["40", "90"], "init_pts_5": ["50", "5"], "init_pts_6": ["50", "115"], "init_pts_7": ["62", "50"], "init_pts_8": ["50", "70"], "init_pts_9": ["50", "90"], "init_pts_10": ["12", "10"], "init_pts_11": ["60", "30"], "init_pts_12": ["83", "11"], "init_pts_13": ["60", "70"], "init_pts_14": ["60", "90"], "init_pts_15": ["58", "10"], "init_pts_16": ["70", "111"], "init_pts_17": ["70", "50"], "init_pts_18": ["70", "70"], "init_pts_19": ["70", "90"], "init_pts_20": ["0", "0"], "init_pts_21": ["0", "0"], "init_pts_22": ["0", "0"], "init_pts_23": ["0", "0"], "init_pts_24": ["0", "0"], "width": 128, "height": 128, "dt": 0.01, "dx": 0.1, "n_iters": 500000, "thr": 0.5, "initializer": "NoneType"}